{
  "annotations": {
    "list": [
      {
        "builtIn": 1,
        "datasource": {
          "type": "datasource",
          "uid": "grafana"
        },
        "enable": true,
        "hide": true,
        "iconColor": "rgba(0, 211, 255, 1)",
        "name": "Annotations & Alerts",
        "target": {
          "limit": 100,
          "matchAny": false,
          "tags": [],
          "type": "dashboard"
        },
        "type": "dashboard"
      }
    ]
  },
  "description": "",
  "editable": true,
  "fiscalYearStartMonth": 0,
  "graphTooltip": 0,
  "id": 1,
  "links": [],
  "liveNow": false,
  "panels": [
    {
      "datasource": {},
      "fieldConfig": {
        "defaults": {
          "color": {
            "mode": "continuous-BlYlRd"
          },
          "custom": {
            "align": "center",
            "cellOptions": {
              "mode": "basic",
              "type": "gauge"
            },
            "filterable": true,
            "inspect": false
          },
          "mappings": [],
          "thresholds": {
            "mode": "absolute",
            "steps": [
              {
                "color": "green",
                "value": null
              },
              {
                "color": "red",
                "value": 80
              }
            ]
          },
          "unit": "none"
        },
        "overrides": [
          {
            "matcher": {
              "id": "byName",
              "options": "Time"
            },
            "properties": [
              {
                "id": "custom.width",
                "value": 178
              },
              {
                "id": "custom.cellOptions",
                "value": {
                  "type": "auto"
                }
              }
            ]
          }
        ]
      },
      "gridPos": {
        "h": 8,
        "w": 24,
        "x": 0,
        "y": 0
      },
      "id": 123129,
      "options": {
        "cellHeight": "sm",
        "footer": {
          "countRows": false,
          "fields": "",
          "reducer": [
            "sum"
          ],
          "show": false
        },
        "showHeader": true,
        "sortBy": []
      },
      "pluginVersion": "10.4.2",
      "targets": [
        {
          "datasource": {
            "type": "postgres",
            "uid": "-yiIuPaSk"
          },
          "editorMode": "code",
          "format": "time_series",
          "group": [],
          "metricColumn": "none",
          "rawQuery": true,
          "rawSql": "SELECT\n  datetime AS \"time\",\n  tempmin,\n  tempav,\n  tempmax,\n  windspeed,\n  humidity,\n  cloudcover\nFROM weather\nWHERE\n  $__timeFilter(datetime)\nORDER BY 1",
          "refId": "A",
          "select": [
            [
              {
                "params": [
                  "tempmin"
                ],
                "type": "column"
              }
            ],
            [
              {
                "params": [
                  "tempav"
                ],
                "type": "column"
              }
            ],
            [
              {
                "params": [
                  "tempmax"
                ],
                "type": "column"
              }
            ],
            [
              {
                "params": [
                  "windspeed"
                ],
                "type": "column"
              }
            ],
            [
              {
                "params": [
                  "humidity"
                ],
                "type": "column"
              }
            ],
            [
              {
                "params": [
                  "cloudcover"
                ],
                "type": "column"
              }
            ]
          ],
          "sql": {
            "columns": [
              {
                "parameters": [],
                "type": "function"
              }
            ],
            "groupBy": [
              {
                "property": {
                  "type": "string"
                },
                "type": "groupBy"
              }
            ],
            "limit": 50
          },
          "table": "weather",
          "timeColumn": "datetime",
          "timeColumnType": "timestamp",
          "where": [
            {
              "name": "$__timeFilter",
              "params": [],
              "type": "macro"
            }
          ]
        }
      ],
      "title": "Common weather metrics",
      "type": "table"
    },
    {
      "datasource": {},
      "fieldConfig": {
        "defaults": {
          "color": {
            "mode": "palette-classic"
          },
          "custom": {
            "axisBorderShow": false,
            "axisCenteredZero": false,
            "axisColorMode": "text",
            "axisLabel": "",
            "axisPlacement": "auto",
            "barAlignment": 0,
            "drawStyle": "line",
            "fillOpacity": 0,
            "gradientMode": "none",
            "hideFrom": {
              "legend": false,
              "tooltip": false,
              "viz": false
            },
            "insertNulls": false,
            "lineInterpolation": "linear",
            "lineWidth": 1,
            "pointSize": 5,
            "scaleDistribution": {
              "type": "linear"
            },
            "showPoints": "auto",
            "spanNulls": false,
            "stacking": {
              "group": "A",
              "mode": "none"
            },
            "thresholdsStyle": {
              "mode": "off"
            }
          },
          "mappings": [],
          "thresholds": {
            "mode": "absolute",
            "steps": [
              {
                "color": "green",
                "value": null
              },
              {
                "color": "red",
                "value": 80
              }
            ]
          }
        },
        "overrides": []
      },
      "gridPos": {
        "h": 8,
        "w": 24,
        "x": 0,
        "y": 8
      },
      "id": 123125,
      "options": {
        "legend": {
          "calcs": [],
          "displayMode": "list",
          "placement": "bottom",
          "showLegend": true
        },
        "tooltip": {
          "mode": "single",
          "sort": "none"
        }
      },
      "targets": [
        {
          "datasource": {
            "type": "postgres",
            "uid": "-yiIuPaSk"
          },
          "editorMode": "code",
          "format": "time_series",
          "group": [],
          "metricColumn": "none",
          "rawQuery": true,
          "rawSql": "SELECT\n  datetime AS \"time\",\n  tempav\nFROM weather\nWHERE\n  $__timeFilter(datetime)\nORDER BY 1",
          "refId": "A",
          "select": [
            [
              {
                "params": [
                  "tempav"
                ],
                "type": "column"
              }
            ]
          ],
          "sql": {
            "columns": [
              {
                "parameters": [],
                "type": "function"
              }
            ],
            "groupBy": [
              {
                "property": {
                  "type": "string"
                },
                "type": "groupBy"
              }
            ],
            "limit": 50
          },
          "table": "weather",
          "timeColumn": "datetime",
          "timeColumnType": "timestamp",
          "where": [
            {
              "name": "$__timeFilter",
              "params": [],
              "type": "macro"
            }
          ]
        }
      ],
      "title": "Average temerature all years",
      "transparent": true,
      "type": "timeseries"
    },
    {
      "cards": {},
      "color": {
        "cardColor": "#C4162A",
        "colorScale": "linear",
        "colorScheme": "interpolateSpectral",
        "exponent": 0.5,
        "max": 30,
        "min": -25,
        "mode": "spectrum"
      },
      "dataFormat": "tsbuckets",
      "datasource": {},
      "fieldConfig": {
        "defaults": {
          "custom": {
            "hideFrom": {
              "legend": false,
              "tooltip": false,
              "viz": false
            },
            "scaleDistribution": {
              "type": "linear"
            }
          }
        },
        "overrides": []
      },
      "gridPos": {
        "h": 10,
        "w": 24,
        "x": 0,
        "y": 16
      },
      "heatmap": {},
      "hideZeroBuckets": false,
      "highlightCards": true,
      "id": 123131,
      "legend": {
        "show": true
      },
      "options": {
        "calculate": false,
        "calculation": {},
        "cellGap": 2,
        "cellValues": {},
        "color": {
          "exponent": 0.5,
          "fill": "#C4162A",
          "max": 30,
          "min": -25,
          "mode": "scheme",
          "reverse": false,
          "scale": "exponential",
          "scheme": "Spectral",
          "steps": 128
        },
        "exemplars": {
          "color": "rgba(255,0,255,0.7)"
        },
        "filterValues": {
          "le": 1e-9
        },
        "legend": {
          "show": true
        },
        "rowsFrame": {
          "layout": "auto"
        },
        "showValue": "never",
        "tooltip": {
          "mode": "single",
          "showColorScale": false,
          "yHistogram": false
        },
        "yAxis": {
          "axisPlacement": "left",
          "reverse": false,
          "unit": "short"
        }
      },
      "pluginVersion": "10.4.2",
      "reverseYBuckets": false,
      "targets": [
        {
          "datasource": {
            "type": "postgres",
            "uid": "-yiIuPaSk"
          },
          "editorMode": "code",
          "format": "time_series",
          "group": [],
          "metricColumn": "none",
          "rawQuery": true,
          "rawSql": "SELECT\n  datetime AS \"time\",\n  tempav\nFROM weather\nWHERE\n  $__timeFilter(datetime)\nORDER BY 1",
          "refId": "A",
          "select": [
            [
              {
                "params": [
                  "tempav"
                ],
                "type": "column"
              }
            ]
          ],
          "sql": {
            "columns": [
              {
                "parameters": [],
                "type": "function"
              }
            ],
            "groupBy": [
              {
                "property": {
                  "type": "string"
                },
                "type": "groupBy"
              }
            ],
            "limit": 50
          },
          "table": "weather",
          "timeColumn": "datetime",
          "timeColumnType": "timestamp",
          "where": [
            {
              "name": "$__timeFilter",
              "params": [],
              "type": "macro"
            }
          ]
        }
      ],
      "title": "Average temperature",
      "tooltip": {
        "show": true,
        "showHistogram": false
      },
      "type": "heatmap",
      "xAxis": {
        "show": true
      },
      "yAxis": {
        "format": "short",
        "logBase": 1,
        "show": true
      },
      "yBucketBound": "auto"
    }
  ],
  "refresh": false,
  "schemaVersion": 39,
  "tags": [],
  "templating": {
    "list": []
  },
  "time": {
    "from": "1999-12-31T21:00:00.000Z",
    "to": "now"
  },
  "timepicker": {
    "hidden": false,
    "refresh_intervals": [
      "5s",
      "10s",
      "30s",
      "1m",
      "5m",
      "15m",
      "30m",
      "1h",
      "2h",
      "1d"
    ],
    "time_options": [
      "5m",
      "15m",
      "1h",
      "6h",
      "12h",
      "24h",
      "2d",
      "7d",
      "30d"
    ],
    "type": "timepicker"
  },
  "timezone": "browser",
  "title": "Coursework",
  "uid": "nDR4PjaSk",
  "version": 2,
  "weekStart": ""
}